Title,Description,Link,Media URL,Pinterest board,Publish date
Grade 5 Addition Practice Worksheet (10 Problems) | Printable Practice,Free printable Addition worksheet for Grade 5. Perfect for homeschool practice and classroom activities.,https://mathworksheetcollection.github.io/html/grade-5-addition-practice-worksheet-10-problems-4521.html,https://mathworksheetcollection.github.io/images/grade-5-addition-practice-worksheet-10-problems-4521.jpg,Elementary Math Activities,03/17/2026 08:31:00 AM
Printable Count and Color Worksheet for Grade 1 Kids,Teachers and parents love this Count and Color worksheet for Grade 1. Download and print instantly.,https://mathworksheetcollection.github.io/html/printable-count-and-color-worksheet-for-grade-1-kids-9110.html,https://mathworksheetcollection.github.io/images/printable-count-and-color-worksheet-for-grade-1-kids-9110.jpg,Elementary Math Activities,03/17/2026 11:05:00 AM
Free Counting Objects Worksheet For Kindergarten - Part 3 | Printable Practice,Free printable Counting Objects worksheet for Kindergarten. Perfect for homeschool practice and classroom activities.,https://mathworksheetcollection.github.io/html/free-counting-objects-worksheet-for-kindergarten-part-3-1696.html,https://mathworksheetcollection.github.io/images/free-counting-objects-worksheet-for-kindergarten-part-3-1696.jpg,Elementary Math Activities,03/17/2026 01:32:00 PM
Free 30 Division Math Worksheet For Grade 1 - Part 4 | Printable Practice,Fun and engaging Division worksheet for Grade 1. Perfect printable math practice.,https://mathworksheetcollection.github.io/html/free-30-division-math-worksheet-for-grade-1-part-4-2248.html,https://mathworksheetcollection.github.io/images/free-30-division-math-worksheet-for-grade-1-part-4-2248.jpg,Homeschool Math,03/17/2026 04:38:00 PM
4 Math Challenge Printable Worksheet,Fun and engaging Math worksheet for Math. Perfect printable math practice.,https://mathworksheetcollection.github.io/html/4-math-challenge-printable-worksheet-2722.html,https://mathworksheetcollection.github.io/images/4-math-challenge-printable-worksheet-2722.jpg,Kids Math Worksheets,03/17/2026 08:35:00 PM
Missing Number Math Worksheet,Help kids master Missing Number with this printable worksheet for Grade 1. Great for daily math practice.,https://mathworksheetcollection.github.io/html/missing-number-math-worksheet-9321.html,https://mathworksheetcollection.github.io/images/missing-number-math-worksheet-9321.jpg,Homeschool Math,03/18/2026 08:23:00 AM
Mixed Operations Math Worksheet,Free printable Mixed Operations worksheet for Grade 3. Perfect for homeschool practice and classroom activities.,https://mathworksheetcollection.github.io/html/mixed-operations-math-worksheet-7513.html,https://mathworksheetcollection.github.io/images/mixed-operations-math-worksheet-7513.jpg,Homeschool Math,03/18/2026 11:07:00 AM
Printable Free 15 Multiplication Math Worksheet For Grade 2 - Part 8 | Printable Practice,Printable Multiplication worksheet designed for Grade 2 students. Easy and fun math practice.,https://mathworksheetcollection.github.io/html/printable-free-15-multiplication-math-worksheet-for-grade-2-part-8-7293.html,https://mathworksheetcollection.github.io/images/printable-free-15-multiplication-math-worksheet-for-grade-2-part-8-7293.jpg,Math Practice Printables,03/18/2026 01:26:00 PM
Free 24 Subtraction Math Worksheet For Grade 5 With Answers - Part 9 | Printable Practice,Teachers and parents love this Subtraction worksheet for Grade 5. Download and print instantly.,https://mathworksheetcollection.github.io/html/free-24-subtraction-math-worksheet-for-grade-5-with-answers-part-9-8446.html,https://mathworksheetcollection.github.io/images/free-24-subtraction-math-worksheet-for-grade-5-with-answers-part-9-8446.jpg,Elementary Math Activities,03/18/2026 04:37:00 PM
3 Times Table Worksheet For Grade 2 - Part 10 | Printable Practice,Teachers and parents love this Times Table worksheet for Grade 2. Download and print instantly.,https://mathworksheetcollection.github.io/html/3-times-table-worksheet-for-grade-2-part-10-3678.html,https://mathworksheetcollection.github.io/images/3-times-table-worksheet-for-grade-2-part-10-3678.jpg,Math Practice Printables,03/18/2026 08:38:00 PM
Printable Tracing Worksheet For Kids - Part 11 | Free Printable,Free printable Tracing worksheet for Preschool. Perfect for homeschool practice and classroom activities.,https://mathworksheetcollection.github.io/html/printable-tracing-worksheet-for-kids-part-11-5446.html,https://mathworksheetcollection.github.io/images/printable-tracing-worksheet-for-kids-part-11-5446.jpg,Homeschool Math,03/19/2026 08:37:00 AM
Math Word Problem Worksheet,Fun and engaging Word Problem worksheet for Grade 3. Perfect printable math practice.,https://mathworksheetcollection.github.io/html/math-word-problem-worksheet-8709.html,https://mathworksheetcollection.github.io/images/math-word-problem-worksheet-8709.jpg,Math Practice Printables,03/19/2026 11:00:00 AM
Grade 3 Addition Practice Worksheet (22 Problems) - Part 13 | Printable Practice,Fun and engaging Addition worksheet for Grade 3. Perfect printable math practice.,https://mathworksheetcollection.github.io/html/grade-3-addition-practice-worksheet-22-problems-part-13-3289.html,https://mathworksheetcollection.github.io/images/grade-3-addition-practice-worksheet-22-problems-part-13-3289.jpg,Elementary Math Activities,03/19/2026 01:29:00 PM
5 Free Count and Color Worksheets for Preschool,Help kids master Count and Color with this printable worksheet for Preschool. Great for daily math practice.,https://mathworksheetcollection.github.io/html/5-free-count-and-color-worksheets-for-preschool-6249.html,https://mathworksheetcollection.github.io/images/5-free-count-and-color-worksheets-for-preschool-6249.jpg,Homeschool Math,03/19/2026 04:28:00 PM
Learn Counting With Pictures Worksheet (Kindergarten) - Part 15 | Printable Practice,Printable Counting Objects worksheet designed for Kindergarten students. Easy and fun math practice.,https://mathworksheetcollection.github.io/html/learn-counting-with-pictures-worksheet-kindergarten-part-15-9453.html,https://mathworksheetcollection.github.io/images/learn-counting-with-pictures-worksheet-kindergarten-part-15-9453.jpg,Printable Worksheets,03/19/2026 08:36:00 PM
Grade 2 Division Practice Worksheet (23 Problems) - Part 16 | Printable Practice,Fun and engaging Division worksheet for Grade 2. Perfect printable math practice.,https://mathworksheetcollection.github.io/html/grade-2-division-practice-worksheet-23-problems-part-16-4639.html,https://mathworksheetcollection.github.io/images/grade-2-division-practice-worksheet-23-problems-part-16-4639.jpg,Printable Worksheets,03/20/2026 08:29:00 AM
Practice Math Trivia Worksheet (4 Questions),Help kids master Math with this printable worksheet for Math. Great for daily math practice.,https://mathworksheetcollection.github.io/html/practice-math-trivia-worksheet-4-questions-1563.html,https://mathworksheetcollection.github.io/images/practice-math-trivia-worksheet-4-questions-1563.jpg,Kids Math Worksheets,03/20/2026 11:00:00 AM
Missing Number Math Worksheet,Printable Missing Number worksheet designed for Grade 1 students. Easy and fun math practice.,https://mathworksheetcollection.github.io/html/missing-number-math-worksheet-8908.html,https://mathworksheetcollection.github.io/images/missing-number-math-worksheet-8908.jpg,Printable Worksheets,03/20/2026 01:30:00 PM
Mixed Operations Math Worksheet,Teachers and parents love this Mixed Operations worksheet for Grade 3. Download and print instantly.,https://mathworksheetcollection.github.io/html/mixed-operations-math-worksheet-5080.html,https://mathworksheetcollection.github.io/images/mixed-operations-math-worksheet-5080.jpg,Homeschool Math,03/20/2026 04:32:00 PM
Printable Free 12 Multiplication Math Worksheet For Grade 2 - Part 20 | Printable Practice,Fun and engaging Multiplication worksheet for Grade 2. Perfect printable math practice.,https://mathworksheetcollection.github.io/html/printable-free-12-multiplication-math-worksheet-for-grade-2-part-20-3754.html,https://mathworksheetcollection.github.io/images/printable-free-12-multiplication-math-worksheet-for-grade-2-part-20-3754.jpg,Elementary Math Activities,03/20/2026 08:29:00 PM
Free 10 Subtraction Math Worksheet For Grade 2 - Part 21 | Printable Practice,Free printable Subtraction worksheet for Grade 2. Perfect for homeschool practice and classroom activities.,https://mathworksheetcollection.github.io/html/free-10-subtraction-math-worksheet-for-grade-2-part-21-3692.html,https://mathworksheetcollection.github.io/images/free-10-subtraction-math-worksheet-for-grade-2-part-21-3692.jpg,Printable Worksheets,03/21/2026 08:35:00 AM
11 Times Table Worksheet For Grade 4 With Answers - Part 22 | Printable Practice,Teachers and parents love this Times Table worksheet for Grade 4. Download and print instantly.,https://mathworksheetcollection.github.io/html/11-times-table-worksheet-for-grade-4-with-answers-part-22-8166.html,https://mathworksheetcollection.github.io/images/11-times-table-worksheet-for-grade-4-with-answers-part-22-8166.jpg,Printable Worksheets,03/21/2026 11:00:00 AM
Printable Tracing Worksheet For Kids - Part 23 | Free Printable,Fun and engaging Tracing worksheet for Kindergarten. Perfect printable math practice.,https://mathworksheetcollection.github.io/html/printable-tracing-worksheet-for-kids-part-23-4648.html,https://mathworksheetcollection.github.io/images/printable-tracing-worksheet-for-kids-part-23-4648.jpg,Elementary Math Activities,03/21/2026 01:36:00 PM
Math Word Problem Worksheet,Free printable Word Problem worksheet for Grade 3. Perfect for homeschool practice and classroom activities.,https://mathworksheetcollection.github.io/html/math-word-problem-worksheet-9185.html,https://mathworksheetcollection.github.io/images/math-word-problem-worksheet-9185.jpg,Math Practice Printables,03/21/2026 04:27:00 PM
Free 14 Addition Math Worksheet For Grade 3 With Answers - Part 25 | Printable Practice,Fun and engaging Addition worksheet for Grade 3. Perfect printable math practice.,https://mathworksheetcollection.github.io/html/free-14-addition-math-worksheet-for-grade-3-with-answers-part-25-2177.html,https://mathworksheetcollection.github.io/images/free-14-addition-math-worksheet-for-grade-3-with-answers-part-25-2177.jpg,Kids Math Worksheets,03/21/2026 08:27:00 PM
Grade 1 Count and Color Shapes Worksheet,Free printable Count and Color worksheet for Grade 1. Perfect for homeschool practice and classroom activities.,https://mathworksheetcollection.github.io/html/grade-1-count-and-color-shapes-worksheet-9748.html,https://mathworksheetcollection.github.io/images/grade-1-count-and-color-shapes-worksheet-9748.jpg,Kids Math Worksheets,03/22/2026 08:24:00 AM
Kindergarten Count The Objects Worksheet - Part 27 | Printable Practice,Printable Counting Objects worksheet designed for Kindergarten students. Easy and fun math practice.,https://mathworksheetcollection.github.io/html/kindergarten-count-the-objects-worksheet-part-27-6561.html,https://mathworksheetcollection.github.io/images/kindergarten-count-the-objects-worksheet-part-27-6561.jpg,Kids Math Worksheets,03/22/2026 11:04:00 AM
Printable Free 11 Division Math Worksheet For Grade 2 - Part 28 | Printable Practice,Free printable Division worksheet for Grade 2. Perfect for homeschool practice and classroom activities.,https://mathworksheetcollection.github.io/html/printable-free-11-division-math-worksheet-for-grade-2-part-28-4772.html,https://mathworksheetcollection.github.io/images/printable-free-11-division-math-worksheet-for-grade-2-part-28-4772.jpg,Kids Math Worksheets,03/22/2026 01:23:00 PM
8 Math Trivia Practice Worksheet,Teachers and parents love this Math worksheet for Math. Download and print instantly.,https://mathworksheetcollection.github.io/html/8-math-trivia-practice-worksheet-4033.html,https://mathworksheetcollection.github.io/images/8-math-trivia-practice-worksheet-4033.jpg,Elementary Math Activities,03/22/2026 04:29:00 PM
Missing Number Math Worksheet,Teachers and parents love this Missing Number worksheet for Grade 1. Download and print instantly.,https://mathworksheetcollection.github.io/html/missing-number-math-worksheet-6428.html,https://mathworksheetcollection.github.io/images/missing-number-math-worksheet-6428.jpg,Elementary Math Activities,03/22/2026 08:38:00 PM
Mixed Operations Math Worksheet,Free printable Mixed Operations worksheet for Grade 3. Perfect for homeschool practice and classroom activities.,https://mathworksheetcollection.github.io/html/mixed-operations-math-worksheet-1752.html,https://mathworksheetcollection.github.io/images/mixed-operations-math-worksheet-1752.jpg,Printable Worksheets,03/23/2026 08:29:00 AM
Printable Free 11 Multiplication Math Worksheet For Grade 1 - Part 32 | Printable Practice,Teachers and parents love this Multiplication worksheet for Grade 1. Download and print instantly.,https://mathworksheetcollection.github.io/html/printable-free-11-multiplication-math-worksheet-for-grade-1-part-32-5295.html,https://mathworksheetcollection.github.io/images/printable-free-11-multiplication-math-worksheet-for-grade-1-part-32-5295.jpg,Kids Math Worksheets,03/23/2026 11:02:00 AM
Free 14 Subtraction Math Worksheet For Grade 5 With Answers - Part 33 | Printable Practice,Printable Subtraction worksheet designed for Grade 5 students. Easy and fun math practice.,https://mathworksheetcollection.github.io/html/free-14-subtraction-math-worksheet-for-grade-5-with-answers-part-33-6658.html,https://mathworksheetcollection.github.io/images/free-14-subtraction-math-worksheet-for-grade-5-with-answers-part-33-6658.jpg,Homeschool Math,03/23/2026 01:38:00 PM
8 Times Table Worksheet For Grade 3 With Answers - Part 34 | Printable Practice,Help kids master Times Table with this printable worksheet for Grade 3. Great for daily math practice.,https://mathworksheetcollection.github.io/html/8-times-table-worksheet-for-grade-3-with-answers-part-34-5648.html,https://mathworksheetcollection.github.io/images/8-times-table-worksheet-for-grade-3-with-answers-part-34-5648.jpg,Elementary Math Activities,03/23/2026 04:37:00 PM
Printable Tracing Worksheet For Kids - Part 35 | Free Printable,Free printable Tracing worksheet for Preschool. Perfect for homeschool practice and classroom activities.,https://mathworksheetcollection.github.io/html/printable-tracing-worksheet-for-kids-part-35-3316.html,https://mathworksheetcollection.github.io/images/printable-tracing-worksheet-for-kids-part-35-3316.jpg,Elementary Math Activities,03/23/2026 08:23:00 PM
Math Word Problem Worksheet,Printable Word Problem worksheet designed for Grade 3 students. Easy and fun math practice.,https://mathworksheetcollection.github.io/html/math-word-problem-worksheet-2469.html,https://mathworksheetcollection.github.io/images/math-word-problem-worksheet-2469.jpg,Math Practice Printables,03/24/2026 08:31:00 AM
Free 27 Addition Math Worksheet For Grade 5 - Part 37 | Printable Practice,Help kids master Addition with this printable worksheet for Grade 5. Great for daily math practice.,https://mathworksheetcollection.github.io/html/free-27-addition-math-worksheet-for-grade-5-part-37-7550.html,https://mathworksheetcollection.github.io/images/free-27-addition-math-worksheet-for-grade-5-part-37-7550.jpg,Math Practice Printables,03/24/2026 11:00:00 AM
Fun Count and Color Objects Worksheet for Grade 1,Free printable Count and Color worksheet for Grade 1. Perfect for homeschool practice and classroom activities.,https://mathworksheetcollection.github.io/html/fun-count-and-color-objects-worksheet-for-grade-1-6173.html,https://mathworksheetcollection.github.io/images/fun-count-and-color-objects-worksheet-for-grade-1-6173.jpg,Elementary Math Activities,03/24/2026 01:34:00 PM
Kindergarten Count The Objects Worksheet - Part 39 | Printable Practice,Teachers and parents love this Counting Objects worksheet for Kindergarten. Download and print instantly.,https://mathworksheetcollection.github.io/html/kindergarten-count-the-objects-worksheet-part-39-8014.html,https://mathworksheetcollection.github.io/images/kindergarten-count-the-objects-worksheet-part-39-8014.jpg,Math Practice Printables,03/24/2026 04:32:00 PM
Printable Free 21 Division Math Worksheet For Grade 2 - Part 40 | Printable Practice,Teachers and parents love this Division worksheet for Grade 2. Download and print instantly.,https://mathworksheetcollection.github.io/html/printable-free-21-division-math-worksheet-for-grade-2-part-40-8416.html,https://mathworksheetcollection.github.io/images/printable-free-21-division-math-worksheet-for-grade-2-part-40-8416.jpg,Printable Worksheets,03/24/2026 08:34:00 PM
4 General Math Quiz Training Worksheet for Teens,Teachers and parents love this Math worksheet for Math. Download and print instantly.,https://mathworksheetcollection.github.io/html/4-general-math-quiz-training-worksheet-for-teens-9200.html,https://mathworksheetcollection.github.io/images/4-general-math-quiz-training-worksheet-for-teens-9200.jpg,Elementary Math Activities,03/25/2026 08:31:00 AM
Missing Number Math Worksheet,Free printable Missing Number worksheet for Grade 1. Perfect for homeschool practice and classroom activities.,https://mathworksheetcollection.github.io/html/missing-number-math-worksheet-3786.html,https://mathworksheetcollection.github.io/images/missing-number-math-worksheet-3786.jpg,Math Practice Printables,03/25/2026 11:00:00 AM
Mixed Operations Math Worksheet,Help kids master Mixed Operations with this printable worksheet for Grade 3. Great for daily math practice.,https://mathworksheetcollection.github.io/html/mixed-operations-math-worksheet-9316.html,https://mathworksheetcollection.github.io/images/mixed-operations-math-worksheet-9316.jpg,Kids Math Worksheets,03/25/2026 01:37:00 PM
Free 11 Multiplication Math Worksheet For Grade 2 With Answers - Part 44 | Printable Practice,Teachers and parents love this Multiplication worksheet for Grade 2. Download and print instantly.,https://mathworksheetcollection.github.io/html/free-11-multiplication-math-worksheet-for-grade-2-with-answers-part-44-9226.html,https://mathworksheetcollection.github.io/images/free-11-multiplication-math-worksheet-for-grade-2-with-answers-part-44-9226.jpg,Math Practice Printables,03/25/2026 04:34:00 PM
Free 14 Subtraction Math Worksheet For Grade 3 - Part 45 | Printable Practice,Free printable Subtraction worksheet for Grade 3. Perfect for homeschool practice and classroom activities.,https://mathworksheetcollection.github.io/html/free-14-subtraction-math-worksheet-for-grade-3-part-45-1247.html,https://mathworksheetcollection.github.io/images/free-14-subtraction-math-worksheet-for-grade-3-part-45-1247.jpg,Homeschool Math,03/25/2026 08:34:00 PM
Grade 2 Multiplication Table 3 Practice - Part 46 | Printable Practice,Fun and engaging Times Table worksheet for Grade 2. Perfect printable math practice.,https://mathworksheetcollection.github.io/html/grade-2-multiplication-table-3-practice-part-46-1511.html,https://mathworksheetcollection.github.io/images/grade-2-multiplication-table-3-practice-part-46-1511.jpg,Math Practice Printables,03/26/2026 08:24:00 AM
Printable Tracing Worksheet For Kids - Part 47 | Free Printable,Printable Tracing worksheet designed for Preschool students. Easy and fun math practice.,https://mathworksheetcollection.github.io/html/printable-tracing-worksheet-for-kids-part-47-3481.html,https://mathworksheetcollection.github.io/images/printable-tracing-worksheet-for-kids-part-47-3481.jpg,Kids Math Worksheets,03/26/2026 11:00:00 AM
Math Word Problem Worksheet,Fun and engaging Word Problem worksheet for Grade 3. Perfect printable math practice.,https://mathworksheetcollection.github.io/html/math-word-problem-worksheet-8345.html,https://mathworksheetcollection.github.io/images/math-word-problem-worksheet-8345.jpg,Elementary Math Activities,03/26/2026 01:28:00 PM
Printable Free 16 Addition Math Worksheet For Grade 5 - Part 49 | Printable Practice,Free printable Addition worksheet for Grade 5. Perfect for homeschool practice and classroom activities.,https://mathworksheetcollection.github.io/html/printable-free-16-addition-math-worksheet-for-grade-5-part-49-4952.html,https://mathworksheetcollection.github.io/images/printable-free-16-addition-math-worksheet-for-grade-5-part-49-4952.jpg,Elementary Math Activities,03/26/2026 04:36:00 PM
Preschool Count and Color Shapes Worksheet,Free printable Count and Color worksheet for Preschool. Perfect for homeschool practice and classroom activities.,https://mathworksheetcollection.github.io/html/preschool-count-and-color-shapes-worksheet-9137.html,https://mathworksheetcollection.github.io/images/preschool-count-and-color-shapes-worksheet-9137.jpg,Math Practice Printables,03/26/2026 08:25:00 PM
Learn Counting With Pictures Worksheet (Kindergarten) - Part 51 | Printable Practice,Teachers and parents love this Counting Objects worksheet for Kindergarten. Download and print instantly.,https://mathworksheetcollection.github.io/html/learn-counting-with-pictures-worksheet-kindergarten-part-51-1902.html,https://mathworksheetcollection.github.io/images/learn-counting-with-pictures-worksheet-kindergarten-part-51-1902.jpg,Kids Math Worksheets,03/27/2026 08:37:00 AM
Free 29 Division Math Worksheet For Grade 1 - Part 52 | Printable Practice,Fun and engaging Division worksheet for Grade 1. Perfect printable math practice.,https://mathworksheetcollection.github.io/html/free-29-division-math-worksheet-for-grade-1-part-52-8325.html,https://mathworksheetcollection.github.io/images/free-29-division-math-worksheet-for-grade-1-part-52-8325.jpg,Printable Worksheets,03/27/2026 11:00:00 AM
Ultimate Math Skill Test Worksheet (7 Questions),Printable Math worksheet designed for Math students. Easy and fun math practice.,https://mathworksheetcollection.github.io/html/ultimate-math-skill-test-worksheet-7-questions-6176.html,https://mathworksheetcollection.github.io/images/ultimate-math-skill-test-worksheet-7-questions-6176.jpg,Printable Worksheets,03/27/2026 01:38:00 PM
Missing Number Math Worksheet,Teachers and parents love this Missing Number worksheet for Grade 1. Download and print instantly.,https://mathworksheetcollection.github.io/html/missing-number-math-worksheet-3423.html,https://mathworksheetcollection.github.io/images/missing-number-math-worksheet-3423.jpg,Homeschool Math,03/27/2026 04:29:00 PM
Mixed Operations Math Worksheet,Help kids master Mixed Operations with this printable worksheet for Grade 3. Great for daily math practice.,https://mathworksheetcollection.github.io/html/mixed-operations-math-worksheet-2897.html,https://mathworksheetcollection.github.io/images/mixed-operations-math-worksheet-2897.jpg,Printable Worksheets,03/27/2026 08:38:00 PM
Free 30 Multiplication Math Worksheet For Grade 2 - Part 56 | Printable Practice,Teachers and parents love this Multiplication worksheet for Grade 2. Download and print instantly.,https://mathworksheetcollection.github.io/html/free-30-multiplication-math-worksheet-for-grade-2-part-56-2247.html,https://mathworksheetcollection.github.io/images/free-30-multiplication-math-worksheet-for-grade-2-part-56-2247.jpg,Math Practice Printables,03/28/2026 08:25:00 AM
Printable Free 25 Subtraction Math Worksheet For Grade 2 - Part 57 | Printable Practice,Teachers and parents love this Subtraction worksheet for Grade 2. Download and print instantly.,https://mathworksheetcollection.github.io/html/printable-free-25-subtraction-math-worksheet-for-grade-2-part-57-6790.html,https://mathworksheetcollection.github.io/images/printable-free-25-subtraction-math-worksheet-for-grade-2-part-57-6790.jpg,Printable Worksheets,03/28/2026 11:00:00 AM
10 Times Table Worksheet For Grade 3 - Part 58 | Printable Practice,Printable Times Table worksheet designed for Grade 3 students. Easy and fun math practice.,https://mathworksheetcollection.github.io/html/10-times-table-worksheet-for-grade-3-part-58-4814.html,https://mathworksheetcollection.github.io/images/10-times-table-worksheet-for-grade-3-part-58-4814.jpg,Math Practice Printables,03/28/2026 01:31:00 PM
Printable Tracing Worksheet For Kids - Part 59 | Free Printable,Help kids master Tracing with this printable worksheet for Kindergarten. Great for daily math practice.,https://mathworksheetcollection.github.io/html/printable-tracing-worksheet-for-kids-part-59-9179.html,https://mathworksheetcollection.github.io/images/printable-tracing-worksheet-for-kids-part-59-9179.jpg,Homeschool Math,03/28/2026 04:36:00 PM
Math Word Problem Worksheet,Help kids master Word Problem with this printable worksheet for Grade 3. Great for daily math practice.,https://mathworksheetcollection.github.io/html/math-word-problem-worksheet-5141.html,https://mathworksheetcollection.github.io/images/math-word-problem-worksheet-5141.jpg,Homeschool Math,03/28/2026 08:33:00 PM
Free 10 Addition Math Worksheet For Grade 5 - Part 61 | Printable Practice,Help kids master Addition with this printable worksheet for Grade 5. Great for daily math practice.,https://mathworksheetcollection.github.io/html/free-10-addition-math-worksheet-for-grade-5-part-61-8242.html,https://mathworksheetcollection.github.io/images/free-10-addition-math-worksheet-for-grade-5-part-61-8242.jpg,Elementary Math Activities,03/29/2026 08:24:00 AM
4 Free Count and Color Worksheets for Kindergarten,Free printable Count and Color worksheet for Kindergarten. Perfect for homeschool practice and classroom activities.,https://mathworksheetcollection.github.io/html/4-free-count-and-color-worksheets-for-kindergarten-4797.html,https://mathworksheetcollection.github.io/images/4-free-count-and-color-worksheets-for-kindergarten-4797.jpg,Elementary Math Activities,03/29/2026 11:00:00 AM
Learn Counting With Pictures Worksheet (Kindergarten) - Part 63 | Printable Practice,Fun and engaging Counting Objects worksheet for Kindergarten. Perfect printable math practice.,https://mathworksheetcollection.github.io/html/learn-counting-with-pictures-worksheet-kindergarten-part-63-8636.html,https://mathworksheetcollection.github.io/images/learn-counting-with-pictures-worksheet-kindergarten-part-63-8636.jpg,Elementary Math Activities,03/29/2026 01:38:00 PM
Free 24 Division Math Worksheet For Grade 1 With Answers - Part 64 | Printable Practice,Teachers and parents love this Division worksheet for Grade 1. Download and print instantly.,https://mathworksheetcollection.github.io/html/free-24-division-math-worksheet-for-grade-1-with-answers-part-64-9165.html,https://mathworksheetcollection.github.io/images/free-24-division-math-worksheet-for-grade-1-with-answers-part-64-9165.jpg,Printable Worksheets,03/29/2026 04:38:00 PM
4 Mathematics Practice Printable Worksheet,Help kids master Math with this printable worksheet for Math. Great for daily math practice.,https://mathworksheetcollection.github.io/html/4-mathematics-practice-printable-worksheet-1298.html,https://mathworksheetcollection.github.io/images/4-mathematics-practice-printable-worksheet-1298.jpg,Printable Worksheets,03/29/2026 08:25:00 PM
Missing Number Math Worksheet,Printable Missing Number worksheet designed for Grade 1 students. Easy and fun math practice.,https://mathworksheetcollection.github.io/html/missing-number-math-worksheet-9977.html,https://mathworksheetcollection.github.io/images/missing-number-math-worksheet-9977.jpg,Homeschool Math,03/30/2026 08:26:00 AM
Mixed Operations Math Worksheet,Free printable Mixed Operations worksheet for Grade 3. Perfect for homeschool practice and classroom activities.,https://mathworksheetcollection.github.io/html/mixed-operations-math-worksheet-3342.html,https://mathworksheetcollection.github.io/images/mixed-operations-math-worksheet-3342.jpg,Elementary Math Activities,03/30/2026 11:00:00 AM
Printable Free 21 Multiplication Math Worksheet For Grade 1 - Part 68 | Printable Practice,Fun and engaging Multiplication worksheet for Grade 1. Perfect printable math practice.,https://mathworksheetcollection.github.io/html/printable-free-21-multiplication-math-worksheet-for-grade-1-part-68-7328.html,https://mathworksheetcollection.github.io/images/printable-free-21-multiplication-math-worksheet-for-grade-1-part-68-7328.jpg,Elementary Math Activities,03/30/2026 01:32:00 PM
Printable Free 13 Subtraction Math Worksheet For Grade 2 - Part 69 | Printable Practice,Fun and engaging Subtraction worksheet for Grade 2. Perfect printable math practice.,https://mathworksheetcollection.github.io/html/printable-free-13-subtraction-math-worksheet-for-grade-2-part-69-8626.html,https://mathworksheetcollection.github.io/images/printable-free-13-subtraction-math-worksheet-for-grade-2-part-69-8626.jpg,Elementary Math Activities,03/30/2026 04:23:00 PM
Printable 3 Times Table Worksheet For Grade 2 - Part 70 | Printable Practice,Teachers and parents love this Times Table worksheet for Grade 2. Download and print instantly.,https://mathworksheetcollection.github.io/html/printable-3-times-table-worksheet-for-grade-2-part-70-8280.html,https://mathworksheetcollection.github.io/images/printable-3-times-table-worksheet-for-grade-2-part-70-8280.jpg,Elementary Math Activities,03/30/2026 08:35:00 PM
Printable Tracing Worksheet For Kids - Part 71 | Free Printable,Free printable Tracing worksheet for Kindergarten. Perfect for homeschool practice and classroom activities.,https://mathworksheetcollection.github.io/html/printable-tracing-worksheet-for-kids-part-71-5150.html,https://mathworksheetcollection.github.io/images/printable-tracing-worksheet-for-kids-part-71-5150.jpg,Elementary Math Activities,03/31/2026 08:36:00 AM
Math Word Problem Worksheet,Help kids master Word Problem with this printable worksheet for Grade 3. Great for daily math practice.,https://mathworksheetcollection.github.io/html/math-word-problem-worksheet-8345.html,https://mathworksheetcollection.github.io/images/math-word-problem-worksheet-8345.jpg,Homeschool Math,03/31/2026 11:00:00 AM
Grade 1 Addition Practice Worksheet (30 Problems) - Part 73 | Printable Practice,Fun and engaging Addition worksheet for Grade 1. Perfect printable math practice.,https://mathworksheetcollection.github.io/html/grade-1-addition-practice-worksheet-30-problems-part-73-1292.html,https://mathworksheetcollection.github.io/images/grade-1-addition-practice-worksheet-30-problems-part-73-1292.jpg,Math Practice Printables,03/31/2026 01:26:00 PM
4 Free Count and Color Worksheets for Kindergarten,Free printable Count and Color worksheet for Kindergarten. Perfect for homeschool practice and classroom activities.,https://mathworksheetcollection.github.io/html/4-free-count-and-color-worksheets-for-kindergarten-9857.html,https://mathworksheetcollection.github.io/images/4-free-count-and-color-worksheets-for-kindergarten-9857.jpg,Homeschool Math,03/31/2026 04:31:00 PM
Free Counting Objects Worksheet For Pre-K Printable - Part 75 | Printable Practice,Help kids master Counting Objects with this printable worksheet for Pre-K. Great for daily math practice.,https://mathworksheetcollection.github.io/html/free-counting-objects-worksheet-for-pre-k-printable-part-75-8155.html,https://mathworksheetcollection.github.io/images/free-counting-objects-worksheet-for-pre-k-printable-part-75-8155.jpg,Printable Worksheets,03/31/2026 08:36:00 PM
Free 11 Division Math Worksheet For Grade 2 With Answers - Part 76 | Printable Practice,Free printable Division worksheet for Grade 2. Perfect for homeschool practice and classroom activities.,https://mathworksheetcollection.github.io/html/free-11-division-math-worksheet-for-grade-2-with-answers-part-76-8198.html,https://mathworksheetcollection.github.io/images/free-11-division-math-worksheet-for-grade-2-with-answers-part-76-8198.jpg,Homeschool Math,04/01/2026 08:38:00 AM
4 Math Knowledge Test Printable Worksheet,Help kids master Math with this printable worksheet for Math. Great for daily math practice.,https://mathworksheetcollection.github.io/html/4-math-knowledge-test-printable-worksheet-5059.html,https://mathworksheetcollection.github.io/images/4-math-knowledge-test-printable-worksheet-5059.jpg,Elementary Math Activities,04/01/2026 11:00:00 AM
Missing Number Math Worksheet,Free printable Missing Number worksheet for Grade 1. Perfect for homeschool practice and classroom activities.,https://mathworksheetcollection.github.io/html/missing-number-math-worksheet-8420.html,https://mathworksheetcollection.github.io/images/missing-number-math-worksheet-8420.jpg,Printable Worksheets,04/01/2026 01:27:00 PM
Mixed Operations Math Worksheet,Fun and engaging Mixed Operations worksheet for Grade 3. Perfect printable math practice.,https://mathworksheetcollection.github.io/html/mixed-operations-math-worksheet-7227.html,https://mathworksheetcollection.github.io/images/mixed-operations-math-worksheet-7227.jpg,Kids Math Worksheets,04/01/2026 04:35:00 PM
Printable Free 20 Multiplication Math Worksheet For Grade 2 - Part 80 | Printable Practice,Printable Multiplication worksheet designed for Grade 2 students. Easy and fun math practice.,https://mathworksheetcollection.github.io/html/printable-free-20-multiplication-math-worksheet-for-grade-2-part-80-7506.html,https://mathworksheetcollection.github.io/images/printable-free-20-multiplication-math-worksheet-for-grade-2-part-80-7506.jpg,Elementary Math Activities,04/01/2026 08:28:00 PM
Printable Free 17 Subtraction Math Worksheet For Grade 2 - Part 81 | Printable Practice,Teachers and parents love this Subtraction worksheet for Grade 2. Download and print instantly.,https://mathworksheetcollection.github.io/html/printable-free-17-subtraction-math-worksheet-for-grade-2-part-81-6629.html,https://mathworksheetcollection.github.io/images/printable-free-17-subtraction-math-worksheet-for-grade-2-part-81-6629.jpg,Printable Worksheets,04/02/2026 08:33:00 AM
12 Times Table Worksheet For Grade 4 With Answers - Part 82 | Printable Practice,Teachers and parents love this Times Table worksheet for Grade 4. Download and print instantly.,https://mathworksheetcollection.github.io/html/12-times-table-worksheet-for-grade-4-with-answers-part-82-5205.html,https://mathworksheetcollection.github.io/images/12-times-table-worksheet-for-grade-4-with-answers-part-82-5205.jpg,Math Practice Printables,04/02/2026 11:04:00 AM
Printable Tracing Worksheet For Kids - Part 83 | Free Printable,Free printable Tracing worksheet for Kindergarten. Perfect for homeschool practice and classroom activities.,https://mathworksheetcollection.github.io/html/printable-tracing-worksheet-for-kids-part-83-3843.html,https://mathworksheetcollection.github.io/images/printable-tracing-worksheet-for-kids-part-83-3843.jpg,Printable Worksheets,04/02/2026 01:23:00 PM
Math Word Problem Worksheet,Help kids master Word Problem with this printable worksheet for Grade 3. Great for daily math practice.,https://mathworksheetcollection.github.io/html/math-word-problem-worksheet-3142.html,https://mathworksheetcollection.github.io/images/math-word-problem-worksheet-3142.jpg,Homeschool Math,04/02/2026 04:22:00 PM
Grade 5 Addition Practice Worksheet (26 Problems) - Part 85 | Printable Practice,Free printable Addition worksheet for Grade 5. Perfect for homeschool practice and classroom activities.,https://mathworksheetcollection.github.io/html/grade-5-addition-practice-worksheet-26-problems-part-85-3938.html,https://mathworksheetcollection.github.io/images/grade-5-addition-practice-worksheet-26-problems-part-85-3938.jpg,Kids Math Worksheets,04/02/2026 08:32:00 PM
Printable Count and Color Worksheet for Grade 1 Kids,Fun and engaging Count and Color worksheet for Grade 1. Perfect printable math practice.,https://mathworksheetcollection.github.io/html/printable-count-and-color-worksheet-for-grade-1-kids-2005.html,https://mathworksheetcollection.github.io/images/printable-count-and-color-worksheet-for-grade-1-kids-2005.jpg,Printable Worksheets,04/03/2026 08:34:00 AM
Learn Counting With Pictures Worksheet (Pre-K) - Part 87 | Printable Practice,Free printable Counting Objects worksheet for Pre-K. Perfect for homeschool practice and classroom activities.,https://mathworksheetcollection.github.io/html/learn-counting-with-pictures-worksheet-pre-k-part-87-3974.html,https://mathworksheetcollection.github.io/images/learn-counting-with-pictures-worksheet-pre-k-part-87-3974.jpg,Elementary Math Activities,04/03/2026 11:08:00 AM
Free 20 Division Math Worksheet For Grade 2 - Part 88 | Printable Practice,Fun and engaging Division worksheet for Grade 2. Perfect printable math practice.,https://mathworksheetcollection.github.io/html/free-20-division-math-worksheet-for-grade-2-part-88-3864.html,https://mathworksheetcollection.github.io/images/free-20-division-math-worksheet-for-grade-2-part-88-3864.jpg,Elementary Math Activities,04/03/2026 01:23:00 PM
Complete Mathematics Problem Set for Students (8 Questions),Fun and engaging Math worksheet for Math. Perfect printable math practice.,https://mathworksheetcollection.github.io/html/complete-mathematics-problem-set-for-students-8-questions-2749.html,https://mathworksheetcollection.github.io/images/complete-mathematics-problem-set-for-students-8-questions-2749.jpg,Elementary Math Activities,04/03/2026 04:22:00 PM
Missing Number Math Worksheet,Fun and engaging Missing Number worksheet for Grade 1. Perfect printable math practice.,https://mathworksheetcollection.github.io/html/missing-number-math-worksheet-5189.html,https://mathworksheetcollection.github.io/images/missing-number-math-worksheet-5189.jpg,Printable Worksheets,04/03/2026 08:35:00 PM
Mixed Operations Math Worksheet,Printable Mixed Operations worksheet designed for Grade 3 students. Easy and fun math practice.,https://mathworksheetcollection.github.io/html/mixed-operations-math-worksheet-8961.html,https://mathworksheetcollection.github.io/images/mixed-operations-math-worksheet-8961.jpg,Homeschool Math,04/04/2026 08:30:00 AM
Grade 1 Multiplication Practice Worksheet (21 Problems) - Part 92 | Printable Practice,Printable Multiplication worksheet designed for Grade 1 students. Easy and fun math practice.,https://mathworksheetcollection.github.io/html/grade-1-multiplication-practice-worksheet-21-problems-part-92-9258.html,https://mathworksheetcollection.github.io/images/grade-1-multiplication-practice-worksheet-21-problems-part-92-9258.jpg,Printable Worksheets,04/04/2026 11:02:00 AM
Grade 5 Subtraction Practice Worksheet (21 Problems) - Part 93 | Printable Practice,Help kids master Subtraction with this printable worksheet for Grade 5. Great for daily math practice.,https://mathworksheetcollection.github.io/html/grade-5-subtraction-practice-worksheet-21-problems-part-93-1302.html,https://mathworksheetcollection.github.io/images/grade-5-subtraction-practice-worksheet-21-problems-part-93-1302.jpg,Kids Math Worksheets,04/04/2026 01:31:00 PM
Grade 3 Multiplication Table 9 Practice - Part 94 | Printable Practice,Free printable Times Table worksheet for Grade 3. Perfect for homeschool practice and classroom activities.,https://mathworksheetcollection.github.io/html/grade-3-multiplication-table-9-practice-part-94-8411.html,https://mathworksheetcollection.github.io/images/grade-3-multiplication-table-9-practice-part-94-8411.jpg,Printable Worksheets,04/04/2026 04:26:00 PM
Printable Tracing Worksheet For Kids - Part 95 | Free Printable,Teachers and parents love this Tracing worksheet for Kindergarten. Download and print instantly.,https://mathworksheetcollection.github.io/html/printable-tracing-worksheet-for-kids-part-95-1771.html,https://mathworksheetcollection.github.io/images/printable-tracing-worksheet-for-kids-part-95-1771.jpg,Kids Math Worksheets,04/04/2026 08:34:00 PM
Math Word Problem Worksheet,Help kids master Word Problem with this printable worksheet for Grade 3. Great for daily math practice.,https://mathworksheetcollection.github.io/html/math-word-problem-worksheet-6652.html,https://mathworksheetcollection.github.io/images/math-word-problem-worksheet-6652.jpg,Homeschool Math,04/05/2026 08:33:00 AM
Free 15 Addition Math Worksheet For Grade 3 - Part 97 | Printable Practice,Fun and engaging Addition worksheet for Grade 3. Perfect printable math practice.,https://mathworksheetcollection.github.io/html/free-15-addition-math-worksheet-for-grade-3-part-97-8753.html,https://mathworksheetcollection.github.io/images/free-15-addition-math-worksheet-for-grade-3-part-97-8753.jpg,Homeschool Math,04/05/2026 11:03:00 AM
Free Grade 1 Count and Color Worksheet,Help kids master Count and Color with this printable worksheet for Grade 1. Great for daily math practice.,https://mathworksheetcollection.github.io/html/free-grade-1-count-and-color-worksheet-3797.html,https://mathworksheetcollection.github.io/images/free-grade-1-count-and-color-worksheet-3797.jpg,Elementary Math Activities,04/05/2026 01:33:00 PM
Kindergarten Count The Objects Worksheet - Part 99 | Printable Practice,Free printable Counting Objects worksheet for Kindergarten. Perfect for homeschool practice and classroom activities.,https://mathworksheetcollection.github.io/html/kindergarten-count-the-objects-worksheet-part-99-4108.html,https://mathworksheetcollection.github.io/images/kindergarten-count-the-objects-worksheet-part-99-4108.jpg,Math Practice Printables,04/05/2026 04:27:00 PM
Free 23 Division Math Worksheet For Grade 1 With Answers - Part 100 | Printable Practice,Help kids master Division with this printable worksheet for Grade 1. Great for daily math practice.,https://mathworksheetcollection.github.io/html/free-23-division-math-worksheet-for-grade-1-with-answers-part-100-6700.html,https://mathworksheetcollection.github.io/images/free-23-division-math-worksheet-for-grade-1-with-answers-part-100-6700.jpg,Kids Math Worksheets,04/05/2026 08:26:00 PM
4 Math Questions Printable Worksheet for Study,Printable Math worksheet designed for Math students. Easy and fun math practice.,https://mathworksheetcollection.github.io/html/4-math-questions-printable-worksheet-for-study-8551.html,https://mathworksheetcollection.github.io/images/4-math-questions-printable-worksheet-for-study-8551.jpg,Math Practice Printables,04/06/2026 08:23:00 AM
Missing Number Math Worksheet,Teachers and parents love this Missing Number worksheet for Grade 1. Download and print instantly.,https://mathworksheetcollection.github.io/html/missing-number-math-worksheet-9119.html,https://mathworksheetcollection.github.io/images/missing-number-math-worksheet-9119.jpg,Homeschool Math,04/06/2026 11:00:00 AM
Mixed Operations Math Worksheet,Fun and engaging Mixed Operations worksheet for Grade 3. Perfect printable math practice.,https://mathworksheetcollection.github.io/html/mixed-operations-math-worksheet-5288.html,https://mathworksheetcollection.github.io/images/mixed-operations-math-worksheet-5288.jpg,Kids Math Worksheets,04/06/2026 01:33:00 PM
Free 22 Multiplication Math Worksheet For Grade 2 - Part 104 | Printable Practice,Printable Multiplication worksheet designed for Grade 2 students. Easy and fun math practice.,https://mathworksheetcollection.github.io/html/free-22-multiplication-math-worksheet-for-grade-2-part-104-9143.html,https://mathworksheetcollection.github.io/images/free-22-multiplication-math-worksheet-for-grade-2-part-104-9143.jpg,Math Practice Printables,04/06/2026 04:32:00 PM
Free 18 Subtraction Math Worksheet For Grade 5 - Part 105 | Printable Practice,Free printable Subtraction worksheet for Grade 5. Perfect for homeschool practice and classroom activities.,https://mathworksheetcollection.github.io/html/free-18-subtraction-math-worksheet-for-grade-5-part-105-6436.html,https://mathworksheetcollection.github.io/images/free-18-subtraction-math-worksheet-for-grade-5-part-105-6436.jpg,Math Practice Printables,04/06/2026 08:34:00 PM
7 Times Table Worksheet For Grade 3 - Part 106 | Printable Practice,Fun and engaging Times Table worksheet for Grade 3. Perfect printable math practice.,https://mathworksheetcollection.github.io/html/7-times-table-worksheet-for-grade-3-part-106-9416.html,https://mathworksheetcollection.github.io/images/7-times-table-worksheet-for-grade-3-part-106-9416.jpg,Homeschool Math,04/07/2026 08:36:00 AM
Printable Tracing Worksheet For Kids - Part 107 | Free Printable,Fun and engaging Tracing worksheet for Preschool. Perfect printable math practice.,https://mathworksheetcollection.github.io/html/printable-tracing-worksheet-for-kids-part-107-3119.html,https://mathworksheetcollection.github.io/images/printable-tracing-worksheet-for-kids-part-107-3119.jpg,Math Practice Printables,04/07/2026 11:00:00 AM
Math Word Problem Worksheet,Help kids master Word Problem with this printable worksheet for Grade 3. Great for daily math practice.,https://mathworksheetcollection.github.io/html/math-word-problem-worksheet-7112.html,https://mathworksheetcollection.github.io/images/math-word-problem-worksheet-7112.jpg,Math Practice Printables,04/07/2026 01:36:00 PM
Free 18 Addition Math Worksheet For Grade 5 With Answers - Part 109 | Printable Practice,Free printable Addition worksheet for Grade 5. Perfect for homeschool practice and classroom activities.,https://mathworksheetcollection.github.io/html/free-18-addition-math-worksheet-for-grade-5-with-answers-part-109-3095.html,https://mathworksheetcollection.github.io/images/free-18-addition-math-worksheet-for-grade-5-with-answers-part-109-3095.jpg,Homeschool Math,04/07/2026 04:23:00 PM
Fun Count and Color Objects Worksheet for Grade 1,Fun and engaging Count and Color worksheet for Grade 1. Perfect printable math practice.,https://mathworksheetcollection.github.io/html/fun-count-and-color-objects-worksheet-for-grade-1-8370.html,https://mathworksheetcollection.github.io/images/fun-count-and-color-objects-worksheet-for-grade-1-8370.jpg,Elementary Math Activities,04/07/2026 08:33:00 PM
Pre-K Count The Objects Worksheet - Part 111 | Printable Practice,Teachers and parents love this Counting Objects worksheet for Pre-K. Download and print instantly.,https://mathworksheetcollection.github.io/html/pre-k-count-the-objects-worksheet-part-111-8810.html,https://mathworksheetcollection.github.io/images/pre-k-count-the-objects-worksheet-part-111-8810.jpg,Printable Worksheets,04/08/2026 08:35:00 AM
Free 27 Division Math Worksheet For Grade 2 - Part 112 | Printable Practice,Free printable Division worksheet for Grade 2. Perfect for homeschool practice and classroom activities.,https://mathworksheetcollection.github.io/html/free-27-division-math-worksheet-for-grade-2-part-112-2786.html,https://mathworksheetcollection.github.io/images/free-27-division-math-worksheet-for-grade-2-part-112-2786.jpg,Printable Worksheets,04/08/2026 11:04:00 AM
4 Mathematics Quiz Training Worksheet for Practice,Fun and engaging Math worksheet for Math. Perfect printable math practice.,https://mathworksheetcollection.github.io/html/4-mathematics-quiz-training-worksheet-for-practice-2344.html,https://mathworksheetcollection.github.io/images/4-mathematics-quiz-training-worksheet-for-practice-2344.jpg,Elementary Math Activities,04/08/2026 01:36:00 PM
Missing Number Math Worksheet,Fun and engaging Missing Number worksheet for Grade 1. Perfect printable math practice.,https://mathworksheetcollection.github.io/html/missing-number-math-worksheet-4077.html,https://mathworksheetcollection.github.io/images/missing-number-math-worksheet-4077.jpg,Math Practice Printables,04/08/2026 04:27:00 PM
Mixed Operations Math Worksheet,Fun and engaging Mixed Operations worksheet for Grade 3. Perfect printable math practice.,https://mathworksheetcollection.github.io/html/mixed-operations-math-worksheet-1282.html,https://mathworksheetcollection.github.io/images/mixed-operations-math-worksheet-1282.jpg,Kids Math Worksheets,04/08/2026 08:27:00 PM
Grade 1 Multiplication Practice Worksheet (25 Problems) - Part 116 | Printable Practice,Free printable Multiplication worksheet for Grade 1. Perfect for homeschool practice and classroom activities.,https://mathworksheetcollection.github.io/html/grade-1-multiplication-practice-worksheet-25-problems-part-116-9731.html,https://mathworksheetcollection.github.io/images/grade-1-multiplication-practice-worksheet-25-problems-part-116-9731.jpg,Kids Math Worksheets,04/09/2026 08:26:00 AM
Grade 2 Subtraction Practice Worksheet (25 Problems) - Part 117 | Printable Practice,Teachers and parents love this Subtraction worksheet for Grade 2. Download and print instantly.,https://mathworksheetcollection.github.io/html/grade-2-subtraction-practice-worksheet-25-problems-part-117-8418.html,https://mathworksheetcollection.github.io/images/grade-2-subtraction-practice-worksheet-25-problems-part-117-8418.jpg,Printable Worksheets,04/09/2026 11:02:00 AM
Printable 5 Times Table Worksheet For Grade 2 - Part 118 | Printable Practice,Help kids master Times Table with this printable worksheet for Grade 2. Great for daily math practice.,https://mathworksheetcollection.github.io/html/printable-5-times-table-worksheet-for-grade-2-part-118-3722.html,https://mathworksheetcollection.github.io/images/printable-5-times-table-worksheet-for-grade-2-part-118-3722.jpg,Kids Math Worksheets,04/09/2026 01:36:00 PM
Printable Tracing Worksheet For Kids - Part 119 | Free Printable,Help kids master Tracing with this printable worksheet for Preschool. Great for daily math practice.,https://mathworksheetcollection.github.io/html/printable-tracing-worksheet-for-kids-part-119-1088.html,https://mathworksheetcollection.github.io/images/printable-tracing-worksheet-for-kids-part-119-1088.jpg,Printable Worksheets,04/09/2026 04:38:00 PM
Math Word Problem Worksheet,Free printable Word Problem worksheet for Grade 3. Perfect for homeschool practice and classroom activities.,https://mathworksheetcollection.github.io/html/math-word-problem-worksheet-7900.html,https://mathworksheetcollection.github.io/images/math-word-problem-worksheet-7900.jpg,Homeschool Math,04/09/2026 08:25:00 PM
Free 18 Addition Math Worksheet For Grade 3 With Answers - Part 121 | Printable Practice,Teachers and parents love this Addition worksheet for Grade 3. Download and print instantly.,https://mathworksheetcollection.github.io/html/free-18-addition-math-worksheet-for-grade-3-with-answers-part-121-1852.html,https://mathworksheetcollection.github.io/images/free-18-addition-math-worksheet-for-grade-3-with-answers-part-121-1852.jpg,Printable Worksheets,04/10/2026 08:25:00 AM
Fun Count and Color Objects Worksheet for Preschool,Help kids master Count and Color with this printable worksheet for Preschool. Great for daily math practice.,https://mathworksheetcollection.github.io/html/fun-count-and-color-objects-worksheet-for-preschool-3229.html,https://mathworksheetcollection.github.io/images/fun-count-and-color-objects-worksheet-for-preschool-3229.jpg,Kids Math Worksheets,04/10/2026 11:02:00 AM
Learn Counting With Pictures Worksheet (Kindergarten) - Part 123 | Printable Practice,Fun and engaging Counting Objects worksheet for Kindergarten. Perfect printable math practice.,https://mathworksheetcollection.github.io/html/learn-counting-with-pictures-worksheet-kindergarten-part-123-6324.html,https://mathworksheetcollection.github.io/images/learn-counting-with-pictures-worksheet-kindergarten-part-123-6324.jpg,Printable Worksheets,04/10/2026 01:22:00 PM
Free 29 Division Math Worksheet For Grade 2 - Part 124 | Printable Practice,Free printable Division worksheet for Grade 2. Perfect for homeschool practice and classroom activities.,https://mathworksheetcollection.github.io/html/free-29-division-math-worksheet-for-grade-2-part-124-2501.html,https://mathworksheetcollection.github.io/images/free-29-division-math-worksheet-for-grade-2-part-124-2501.jpg,Kids Math Worksheets,04/10/2026 04:26:00 PM
Printable Mathematics Quiz for Students (8 Questions),Teachers and parents love this Math worksheet for Math. Download and print instantly.,https://mathworksheetcollection.github.io/html/printable-mathematics-quiz-for-students-8-questions-5103.html,https://mathworksheetcollection.github.io/images/printable-mathematics-quiz-for-students-8-questions-5103.jpg,Elementary Math Activities,04/10/2026 08:28:00 PM
Missing Number Math Worksheet,Help kids master Missing Number with this printable worksheet for Grade 1. Great for daily math practice.,https://mathworksheetcollection.github.io/html/missing-number-math-worksheet-5936.html,https://mathworksheetcollection.github.io/images/missing-number-math-worksheet-5936.jpg,Homeschool Math,04/11/2026 08:24:00 AM
Mixed Operations Math Worksheet,Printable Mixed Operations worksheet designed for Grade 3 students. Easy and fun math practice.,https://mathworksheetcollection.github.io/html/mixed-operations-math-worksheet-3463.html,https://mathworksheetcollection.github.io/images/mixed-operations-math-worksheet-3463.jpg,Math Practice Printables,04/11/2026 11:06:00 AM
Grade 2 Multiplication Practice Worksheet (25 Problems) - Part 128 | Printable Practice,Fun and engaging Multiplication worksheet for Grade 2. Perfect printable math practice.,https://mathworksheetcollection.github.io/html/grade-2-multiplication-practice-worksheet-25-problems-part-128-8904.html,https://mathworksheetcollection.github.io/images/grade-2-multiplication-practice-worksheet-25-problems-part-128-8904.jpg,Homeschool Math,04/11/2026 01:32:00 PM
Printable Free 24 Subtraction Math Worksheet For Grade 2 - Part 129 | Printable Practice,Teachers and parents love this Subtraction worksheet for Grade 2. Download and print instantly.,https://mathworksheetcollection.github.io/html/printable-free-24-subtraction-math-worksheet-for-grade-2-part-129-7771.html,https://mathworksheetcollection.github.io/images/printable-free-24-subtraction-math-worksheet-for-grade-2-part-129-7771.jpg,Elementary Math Activities,04/11/2026 04:33:00 PM
4 Times Table Worksheet For Grade 2 - Part 130 | Printable Practice,Free printable Times Table worksheet for Grade 2. Perfect for homeschool practice and classroom activities.,https://mathworksheetcollection.github.io/html/4-times-table-worksheet-for-grade-2-part-130-2930.html,https://mathworksheetcollection.github.io/images/4-times-table-worksheet-for-grade-2-part-130-2930.jpg,Homeschool Math,04/11/2026 08:32:00 PM
Printable Tracing Worksheet For Kids - Part 131 | Free Printable,Teachers and parents love this Tracing worksheet for Preschool. Download and print instantly.,https://mathworksheetcollection.github.io/html/printable-tracing-worksheet-for-kids-part-131-2014.html,https://mathworksheetcollection.github.io/images/printable-tracing-worksheet-for-kids-part-131-2014.jpg,Elementary Math Activities,04/12/2026 08:26:00 AM
Math Word Problem Worksheet,Teachers and parents love this Word Problem worksheet for Grade 3. Download and print instantly.,https://mathworksheetcollection.github.io/html/math-word-problem-worksheet-2576.html,https://mathworksheetcollection.github.io/images/math-word-problem-worksheet-2576.jpg,Printable Worksheets,04/12/2026 11:00:00 AM
Free 28 Addition Math Worksheet For Grade 5 - Part 133 | Printable Practice,Free printable Addition worksheet for Grade 5. Perfect for homeschool practice and classroom activities.,https://mathworksheetcollection.github.io/html/free-28-addition-math-worksheet-for-grade-5-part-133-4782.html,https://mathworksheetcollection.github.io/images/free-28-addition-math-worksheet-for-grade-5-part-133-4782.jpg,Printable Worksheets,04/12/2026 01:32:00 PM
Fun Count and Color Objects Worksheet for Kindergarten,Fun and engaging Count and Color worksheet for Kindergarten. Perfect printable math practice.,https://mathworksheetcollection.github.io/html/fun-count-and-color-objects-worksheet-for-kindergarten-2321.html,https://mathworksheetcollection.github.io/images/fun-count-and-color-objects-worksheet-for-kindergarten-2321.jpg,Homeschool Math,04/12/2026 04:29:00 PM
Free Counting Objects Worksheet For Kindergarten - Part 135 | Printable Practice,Help kids master Counting Objects with this printable worksheet for Kindergarten. Great for daily math practice.,https://mathworksheetcollection.github.io/html/free-counting-objects-worksheet-for-kindergarten-part-135-7157.html,https://mathworksheetcollection.github.io/images/free-counting-objects-worksheet-for-kindergarten-part-135-7157.jpg,Homeschool Math,04/12/2026 08:35:00 PM
Free 29 Division Math Worksheet For Grade 2 With Answers - Part 136 | Printable Practice,Printable Division worksheet designed for Grade 2 students. Easy and fun math practice.,https://mathworksheetcollection.github.io/html/free-29-division-math-worksheet-for-grade-2-with-answers-part-136-3797.html,https://mathworksheetcollection.github.io/images/free-29-division-math-worksheet-for-grade-2-with-answers-part-136-3797.jpg,Printable Worksheets,04/13/2026 08:29:00 AM
4 Math Challenge Practice Worksheet,Help kids master Math with this printable worksheet for Math. Great for daily math practice.,https://mathworksheetcollection.github.io/html/4-math-challenge-practice-worksheet-3627.html,https://mathworksheetcollection.github.io/images/4-math-challenge-practice-worksheet-3627.jpg,Math Practice Printables,04/13/2026 11:02:00 AM
Missing Number Math Worksheet,Free printable Missing Number worksheet for Grade 1. Perfect for homeschool practice and classroom activities.,https://mathworksheetcollection.github.io/html/missing-number-math-worksheet-4689.html,https://mathworksheetcollection.github.io/images/missing-number-math-worksheet-4689.jpg,Elementary Math Activities,04/13/2026 01:28:00 PM
Mixed Operations Math Worksheet,Printable Mixed Operations worksheet designed for Grade 3 students. Easy and fun math practice.,https://mathworksheetcollection.github.io/html/mixed-operations-math-worksheet-4063.html,https://mathworksheetcollection.github.io/images/mixed-operations-math-worksheet-4063.jpg,Printable Worksheets,04/13/2026 04:30:00 PM
Free 27 Multiplication Math Worksheet For Grade 2 - Part 140 | Printable Practice,Printable Multiplication worksheet designed for Grade 2 students. Easy and fun math practice.,https://mathworksheetcollection.github.io/html/free-27-multiplication-math-worksheet-for-grade-2-part-140-1624.html,https://mathworksheetcollection.github.io/images/free-27-multiplication-math-worksheet-for-grade-2-part-140-1624.jpg,Math Practice Printables,04/13/2026 08:37:00 PM
Printable Free 18 Subtraction Math Worksheet For Grade 5 - Part 141 | Printable Practice,Printable Subtraction worksheet designed for Grade 5 students. Easy and fun math practice.,https://mathworksheetcollection.github.io/html/printable-free-18-subtraction-math-worksheet-for-grade-5-part-141-9437.html,https://mathworksheetcollection.github.io/images/printable-free-18-subtraction-math-worksheet-for-grade-5-part-141-9437.jpg,Printable Worksheets,04/14/2026 08:27:00 AM
Printable 11 Times Table Worksheet For Grade 4 - Part 142 | Printable Practice,Teachers and parents love this Times Table worksheet for Grade 4. Download and print instantly.,https://mathworksheetcollection.github.io/html/printable-11-times-table-worksheet-for-grade-4-part-142-6437.html,https://mathworksheetcollection.github.io/images/printable-11-times-table-worksheet-for-grade-4-part-142-6437.jpg,Math Practice Printables,04/14/2026 11:07:00 AM
Printable Tracing Worksheet For Kids - Part 143 | Free Printable,Teachers and parents love this Tracing worksheet for Preschool. Download and print instantly.,https://mathworksheetcollection.github.io/html/printable-tracing-worksheet-for-kids-part-143-3478.html,https://mathworksheetcollection.github.io/images/printable-tracing-worksheet-for-kids-part-143-3478.jpg,Elementary Math Activities,04/14/2026 01:23:00 PM
Math Word Problem Worksheet,Printable Word Problem worksheet designed for Grade 3 students. Easy and fun math practice.,https://mathworksheetcollection.github.io/html/math-word-problem-worksheet-8142.html,https://mathworksheetcollection.github.io/images/math-word-problem-worksheet-8142.jpg,Elementary Math Activities,04/14/2026 04:30:00 PM
Printable Free 21 Addition Math Worksheet For Grade 1 - Part 145 | Printable Practice,Fun and engaging Addition worksheet for Grade 1. Perfect printable math practice.,https://mathworksheetcollection.github.io/html/printable-free-21-addition-math-worksheet-for-grade-1-part-145-9904.html,https://mathworksheetcollection.github.io/images/printable-free-21-addition-math-worksheet-for-grade-1-part-145-9904.jpg,Elementary Math Activities,04/14/2026 08:33:00 PM
"Count and Color Square, Car, Car Worksheet for Kids",Fun and engaging Count and Color worksheet for Kindergarten. Perfect printable math practice.,https://mathworksheetcollection.github.io/html/count-and-color-square-car-car-worksheet-for-kids-4226.html,https://mathworksheetcollection.github.io/images/count-and-color-square-car-car-worksheet-for-kids-4226.jpg,Elementary Math Activities,04/15/2026 08:35:00 AM
Learn Counting With Pictures Worksheet (Kindergarten) - Part 147 | Printable Practice,Printable Counting Objects worksheet designed for Kindergarten students. Easy and fun math practice.,https://mathworksheetcollection.github.io/html/learn-counting-with-pictures-worksheet-kindergarten-part-147-6324.html,https://mathworksheetcollection.github.io/images/learn-counting-with-pictures-worksheet-kindergarten-part-147-6324.jpg,Kids Math Worksheets,04/15/2026 11:00:00 AM
Grade 2 Division Practice Worksheet (17 Problems) - Part 148 | Printable Practice,Fun and engaging Division worksheet for Grade 2. Perfect printable math practice.,https://mathworksheetcollection.github.io/html/grade-2-division-practice-worksheet-17-problems-part-148-3860.html,https://mathworksheetcollection.github.io/images/grade-2-division-practice-worksheet-17-problems-part-148-3860.jpg,Homeschool Math,04/15/2026 01:30:00 PM
7 Math Questions for Students,Fun and engaging Math worksheet for Math. Perfect printable math practice.,https://mathworksheetcollection.github.io/html/7-math-questions-for-students-4766.html,https://mathworksheetcollection.github.io/images/7-math-questions-for-students-4766.jpg,Elementary Math Activities,04/15/2026 04:30:00 PM
Missing Number Math Worksheet,Teachers and parents love this Missing Number worksheet for Grade 1. Download and print instantly.,https://mathworksheetcollection.github.io/html/missing-number-math-worksheet-1532.html,https://mathworksheetcollection.github.io/images/missing-number-math-worksheet-1532.jpg,Math Practice Printables,04/15/2026 08:37:00 PM
Mixed Operations Math Worksheet,Free printable Mixed Operations worksheet for Grade 3. Perfect for homeschool practice and classroom activities.,https://mathworksheetcollection.github.io/html/mixed-operations-math-worksheet-6320.html,https://mathworksheetcollection.github.io/images/mixed-operations-math-worksheet-6320.jpg,Math Practice Printables,04/16/2026 08:31:00 AM
Free 20 Multiplication Math Worksheet For Grade 1 - Part 152 | Printable Practice,Printable Multiplication worksheet designed for Grade 1 students. Easy and fun math practice.,https://mathworksheetcollection.github.io/html/free-20-multiplication-math-worksheet-for-grade-1-part-152-6314.html,https://mathworksheetcollection.github.io/images/free-20-multiplication-math-worksheet-for-grade-1-part-152-6314.jpg,Homeschool Math,04/16/2026 11:00:00 AM
Grade 2 Subtraction Practice Worksheet (22 Problems) - Part 153 | Printable Practice,Help kids master Subtraction with this printable worksheet for Grade 2. Great for daily math practice.,https://mathworksheetcollection.github.io/html/grade-2-subtraction-practice-worksheet-22-problems-part-153-5000.html,https://mathworksheetcollection.github.io/images/grade-2-subtraction-practice-worksheet-22-problems-part-153-5000.jpg,Kids Math Worksheets,04/16/2026 01:24:00 PM
Grade 2 Multiplication Table 2 Practice - Part 154 | Printable Practice,Free printable Times Table worksheet for Grade 2. Perfect for homeschool practice and classroom activities.,https://mathworksheetcollection.github.io/html/grade-2-multiplication-table-2-practice-part-154-6183.html,https://mathworksheetcollection.github.io/images/grade-2-multiplication-table-2-practice-part-154-6183.jpg,Math Practice Printables,04/16/2026 04:28:00 PM
Printable Tracing Worksheet For Kids - Part 155 | Free Printable,Printable Tracing worksheet designed for Kindergarten students. Easy and fun math practice.,https://mathworksheetcollection.github.io/html/printable-tracing-worksheet-for-kids-part-155-8348.html,https://mathworksheetcollection.github.io/images/printable-tracing-worksheet-for-kids-part-155-8348.jpg,Homeschool Math,04/16/2026 08:22:00 PM
Math Word Problem Worksheet,Free printable Word Problem worksheet for Grade 3. Perfect for homeschool practice and classroom activities.,https://mathworksheetcollection.github.io/html/math-word-problem-worksheet-9087.html,https://mathworksheetcollection.github.io/images/math-word-problem-worksheet-9087.jpg,Elementary Math Activities,04/17/2026 08:34:00 AM
Free 16 Addition Math Worksheet For Grade 3 - Part 157 | Printable Practice,Help kids master Addition with this printable worksheet for Grade 3. Great for daily math practice.,https://mathworksheetcollection.github.io/html/free-16-addition-math-worksheet-for-grade-3-part-157-9567.html,https://mathworksheetcollection.github.io/images/free-16-addition-math-worksheet-for-grade-3-part-157-9567.jpg,Homeschool Math,04/17/2026 11:05:00 AM
Preschool Count and Color Shapes Worksheet,Help kids master Count and Color with this printable worksheet for Preschool. Great for daily math practice.,https://mathworksheetcollection.github.io/html/preschool-count-and-color-shapes-worksheet-8985.html,https://mathworksheetcollection.github.io/images/preschool-count-and-color-shapes-worksheet-8985.jpg,Elementary Math Activities,04/17/2026 01:23:00 PM
Free Counting Objects Worksheet For Pre-K - Part 159 | Printable Practice,Free printable Counting Objects worksheet for Pre-K. Perfect for homeschool practice and classroom activities.,https://mathworksheetcollection.github.io/html/free-counting-objects-worksheet-for-pre-k-part-159-9186.html,https://mathworksheetcollection.github.io/images/free-counting-objects-worksheet-for-pre-k-part-159-9186.jpg,Math Practice Printables,04/17/2026 04:30:00 PM
Free 19 Division Math Worksheet For Grade 2 - Part 160 | Printable Practice,Teachers and parents love this Division worksheet for Grade 2. Download and print instantly.,https://mathworksheetcollection.github.io/html/free-19-division-math-worksheet-for-grade-2-part-160-5635.html,https://mathworksheetcollection.github.io/images/free-19-division-math-worksheet-for-grade-2-part-160-5635.jpg,Elementary Math Activities,04/17/2026 08:38:00 PM
4 Math Skill Test Practice Worksheet,Printable Math worksheet designed for Math students. Easy and fun math practice.,https://mathworksheetcollection.github.io/html/4-math-skill-test-practice-worksheet-1841.html,https://mathworksheetcollection.github.io/images/4-math-skill-test-practice-worksheet-1841.jpg,Kids Math Worksheets,04/18/2026 08:35:00 AM
Missing Number Math Worksheet,Help kids master Missing Number with this printable worksheet for Grade 1. Great for daily math practice.,https://mathworksheetcollection.github.io/html/missing-number-math-worksheet-1678.html,https://mathworksheetcollection.github.io/images/missing-number-math-worksheet-1678.jpg,Elementary Math Activities,04/18/2026 11:04:00 AM
Mixed Operations Math Worksheet,Fun and engaging Mixed Operations worksheet for Grade 3. Perfect printable math practice.,https://mathworksheetcollection.github.io/html/mixed-operations-math-worksheet-3531.html,https://mathworksheetcollection.github.io/images/mixed-operations-math-worksheet-3531.jpg,Homeschool Math,04/18/2026 01:29:00 PM
Free 13 Multiplication Math Worksheet For Grade 2 - Part 164 | Printable Practice,Free printable Multiplication worksheet for Grade 2. Perfect for homeschool practice and classroom activities.,https://mathworksheetcollection.github.io/html/free-13-multiplication-math-worksheet-for-grade-2-part-164-5466.html,https://mathworksheetcollection.github.io/images/free-13-multiplication-math-worksheet-for-grade-2-part-164-5466.jpg,Printable Worksheets,04/18/2026 04:29:00 PM
Free 26 Subtraction Math Worksheet For Grade 2 With Answers - Part 165 | Printable Practice,Fun and engaging Subtraction worksheet for Grade 2. Perfect printable math practice.,https://mathworksheetcollection.github.io/html/free-26-subtraction-math-worksheet-for-grade-2-with-answers-part-165-6155.html,https://mathworksheetcollection.github.io/images/free-26-subtraction-math-worksheet-for-grade-2-with-answers-part-165-6155.jpg,Elementary Math Activities,04/18/2026 08:36:00 PM
9 Times Table Worksheet For Grade 3 With Answers - Part 166 | Printable Practice,Help kids master Times Table with this printable worksheet for Grade 3. Great for daily math practice.,https://mathworksheetcollection.github.io/html/9-times-table-worksheet-for-grade-3-with-answers-part-166-2980.html,https://mathworksheetcollection.github.io/images/9-times-table-worksheet-for-grade-3-with-answers-part-166-2980.jpg,Kids Math Worksheets,04/19/2026 08:22:00 AM
Printable Tracing Worksheet For Kids - Part 167 | Free Printable,Fun and engaging Tracing worksheet for Preschool. Perfect printable math practice.,https://mathworksheetcollection.github.io/html/printable-tracing-worksheet-for-kids-part-167-5159.html,https://mathworksheetcollection.github.io/images/printable-tracing-worksheet-for-kids-part-167-5159.jpg,Math Practice Printables,04/19/2026 11:00:00 AM
Math Word Problem Worksheet,Teachers and parents love this Word Problem worksheet for Grade 3. Download and print instantly.,https://mathworksheetcollection.github.io/html/math-word-problem-worksheet-7393.html,https://mathworksheetcollection.github.io/images/math-word-problem-worksheet-7393.jpg,Kids Math Worksheets,04/19/2026 01:25:00 PM
Printable Free 29 Addition Math Worksheet For Grade 5 - Part 169 | Printable Practice,Help kids master Addition with this printable worksheet for Grade 5. Great for daily math practice.,https://mathworksheetcollection.github.io/html/printable-free-29-addition-math-worksheet-for-grade-5-part-169-2413.html,https://mathworksheetcollection.github.io/images/printable-free-29-addition-math-worksheet-for-grade-5-part-169-2413.jpg,Homeschool Math,04/19/2026 04:37:00 PM
"Count and Color Star, Flower, Triangle Worksheet for Kids",Fun and engaging Count and Color worksheet for Grade 1. Perfect printable math practice.,https://mathworksheetcollection.github.io/html/count-and-color-star-flower-triangle-worksheet-for-kids-1082.html,https://mathworksheetcollection.github.io/images/count-and-color-star-flower-triangle-worksheet-for-kids-1082.jpg,Printable Worksheets,04/19/2026 08:22:00 PM
Free Counting Objects Worksheet For Kindergarten - Part 171 | Printable Practice,Free printable Counting Objects worksheet for Kindergarten. Perfect for homeschool practice and classroom activities.,https://mathworksheetcollection.github.io/html/free-counting-objects-worksheet-for-kindergarten-part-171-1188.html,https://mathworksheetcollection.github.io/images/free-counting-objects-worksheet-for-kindergarten-part-171-1188.jpg,Elementary Math Activities,04/20/2026 08:28:00 AM
Free 28 Division Math Worksheet For Grade 1 - Part 172 | Printable Practice,Printable Division worksheet designed for Grade 1 students. Easy and fun math practice.,https://mathworksheetcollection.github.io/html/free-28-division-math-worksheet-for-grade-1-part-172-2819.html,https://mathworksheetcollection.github.io/images/free-28-division-math-worksheet-for-grade-1-part-172-2819.jpg,Math Practice Printables,04/20/2026 11:00:00 AM
Advanced General Math Quiz Training Worksheet,Printable Math worksheet designed for Math students. Easy and fun math practice.,https://mathworksheetcollection.github.io/html/advanced-general-math-quiz-training-worksheet-9423.html,https://mathworksheetcollection.github.io/images/advanced-general-math-quiz-training-worksheet-9423.jpg,Math Practice Printables,04/20/2026 01:35:00 PM
Missing Number Math Worksheet,Fun and engaging Missing Number worksheet for Grade 1. Perfect printable math practice.,https://mathworksheetcollection.github.io/html/missing-number-math-worksheet-7246.html,https://mathworksheetcollection.github.io/images/missing-number-math-worksheet-7246.jpg,Homeschool Math,04/20/2026 04:32:00 PM
Mixed Operations Math Worksheet,Teachers and parents love this Mixed Operations worksheet for Grade 3. Download and print instantly.,https://mathworksheetcollection.github.io/html/mixed-operations-math-worksheet-4521.html,https://mathworksheetcollection.github.io/images/mixed-operations-math-worksheet-4521.jpg,Kids Math Worksheets,04/20/2026 08:27:00 PM
Free 12 Multiplication Math Worksheet For Grade 2 With Answers - Part 176 | Printable Practice,Fun and engaging Multiplication worksheet for Grade 2. Perfect printable math practice.,https://mathworksheetcollection.github.io/html/free-12-multiplication-math-worksheet-for-grade-2-with-answers-part-176-3528.html,https://mathworksheetcollection.github.io/images/free-12-multiplication-math-worksheet-for-grade-2-with-answers-part-176-3528.jpg,Homeschool Math,04/21/2026 08:32:00 AM
Free 18 Subtraction Math Worksheet For Grade 3 - Part 177 | Printable Practice,Fun and engaging Subtraction worksheet for Grade 3. Perfect printable math practice.,https://mathworksheetcollection.github.io/html/free-18-subtraction-math-worksheet-for-grade-3-part-177-7256.html,https://mathworksheetcollection.github.io/images/free-18-subtraction-math-worksheet-for-grade-3-part-177-7256.jpg,Elementary Math Activities,04/21/2026 11:00:00 AM
Grade 3 Multiplication Table 9 Practice - Part 178 | Printable Practice,Fun and engaging Times Table worksheet for Grade 3. Perfect printable math practice.,https://mathworksheetcollection.github.io/html/grade-3-multiplication-table-9-practice-part-178-9770.html,https://mathworksheetcollection.github.io/images/grade-3-multiplication-table-9-practice-part-178-9770.jpg,Elementary Math Activities,04/21/2026 01:22:00 PM
Printable Tracing Worksheet For Kids - Part 179 | Free Printable,Fun and engaging Tracing worksheet for Preschool. Perfect printable math practice.,https://mathworksheetcollection.github.io/html/printable-tracing-worksheet-for-kids-part-179-3579.html,https://mathworksheetcollection.github.io/images/printable-tracing-worksheet-for-kids-part-179-3579.jpg,Math Practice Printables,04/21/2026 04:37:00 PM
Math Word Problem Worksheet,Teachers and parents love this Word Problem worksheet for Grade 3. Download and print instantly.,https://mathworksheetcollection.github.io/html/math-word-problem-worksheet-9555.html,https://mathworksheetcollection.github.io/images/math-word-problem-worksheet-9555.jpg,Kids Math Worksheets,04/21/2026 08:34:00 PM
Free 28 Addition Math Worksheet For Grade 1 - Part 181 | Printable Practice,Free printable Addition worksheet for Grade 1. Perfect for homeschool practice and classroom activities.,https://mathworksheetcollection.github.io/html/free-28-addition-math-worksheet-for-grade-1-part-181-9979.html,https://mathworksheetcollection.github.io/images/free-28-addition-math-worksheet-for-grade-1-part-181-9979.jpg,Kids Math Worksheets,04/22/2026 08:31:00 AM
Fun Count and Color Objects Worksheet for Grade 1,Help kids master Count and Color with this printable worksheet for Grade 1. Great for daily math practice.,https://mathworksheetcollection.github.io/html/fun-count-and-color-objects-worksheet-for-grade-1-4630.html,https://mathworksheetcollection.github.io/images/fun-count-and-color-objects-worksheet-for-grade-1-4630.jpg,Kids Math Worksheets,04/22/2026 11:05:00 AM
Free Counting Objects Worksheet For Kindergarten Printable - Part 183 | Printable Practice,Help kids master Counting Objects with this printable worksheet for Kindergarten. Great for daily math practice.,https://mathworksheetcollection.github.io/html/free-counting-objects-worksheet-for-kindergarten-printable-part-183-9068.html,https://mathworksheetcollection.github.io/images/free-counting-objects-worksheet-for-kindergarten-printable-part-183-9068.jpg,Printable Worksheets,04/22/2026 01:38:00 PM
Free 26 Division Math Worksheet For Grade 2 - Part 184 | Printable Practice,Teachers and parents love this Division worksheet for Grade 2. Download and print instantly.,https://mathworksheetcollection.github.io/html/free-26-division-math-worksheet-for-grade-2-part-184-2913.html,https://mathworksheetcollection.github.io/images/free-26-division-math-worksheet-for-grade-2-part-184-2913.jpg,Homeschool Math,04/22/2026 04:37:00 PM
8 Math Skill Test Quiz Worksheet,Free printable Math worksheet for Math. Perfect for homeschool practice and classroom activities.,https://mathworksheetcollection.github.io/html/8-math-skill-test-quiz-worksheet-4445.html,https://mathworksheetcollection.github.io/images/8-math-skill-test-quiz-worksheet-4445.jpg,Math Practice Printables,04/22/2026 08:31:00 PM
Missing Number Math Worksheet,Help kids master Missing Number with this printable worksheet for Grade 1. Great for daily math practice.,https://mathworksheetcollection.github.io/html/missing-number-math-worksheet-5577.html,https://mathworksheetcollection.github.io/images/missing-number-math-worksheet-5577.jpg,Homeschool Math,04/23/2026 08:29:00 AM
Mixed Operations Math Worksheet,Fun and engaging Mixed Operations worksheet for Grade 3. Perfect printable math practice.,https://mathworksheetcollection.github.io/html/mixed-operations-math-worksheet-1957.html,https://mathworksheetcollection.github.io/images/mixed-operations-math-worksheet-1957.jpg,Kids Math Worksheets,04/23/2026 11:02:00 AM
Free 28 Multiplication Math Worksheet For Grade 2 - Part 188 | Printable Practice,Printable Multiplication worksheet designed for Grade 2 students. Easy and fun math practice.,https://mathworksheetcollection.github.io/html/free-28-multiplication-math-worksheet-for-grade-2-part-188-6583.html,https://mathworksheetcollection.github.io/images/free-28-multiplication-math-worksheet-for-grade-2-part-188-6583.jpg,Math Practice Printables,04/23/2026 01:25:00 PM
Free 16 Subtraction Math Worksheet For Grade 2 - Part 189 | Printable Practice,Help kids master Subtraction with this printable worksheet for Grade 2. Great for daily math practice.,https://mathworksheetcollection.github.io/html/free-16-subtraction-math-worksheet-for-grade-2-part-189-1763.html,https://mathworksheetcollection.github.io/images/free-16-subtraction-math-worksheet-for-grade-2-part-189-1763.jpg,Math Practice Printables,04/23/2026 04:26:00 PM
3 Times Table Worksheet For Grade 2 - Part 190 | Printable Practice,Fun and engaging Times Table worksheet for Grade 2. Perfect printable math practice.,https://mathworksheetcollection.github.io/html/3-times-table-worksheet-for-grade-2-part-190-5607.html,https://mathworksheetcollection.github.io/images/3-times-table-worksheet-for-grade-2-part-190-5607.jpg,Printable Worksheets,04/23/2026 08:29:00 PM
Printable Tracing Worksheet For Kids - Part 191 | Free Printable,Help kids master Tracing with this printable worksheet for Preschool. Great for daily math practice.,https://mathworksheetcollection.github.io/html/printable-tracing-worksheet-for-kids-part-191-2820.html,https://mathworksheetcollection.github.io/images/printable-tracing-worksheet-for-kids-part-191-2820.jpg,Math Practice Printables,04/24/2026 08:38:00 AM
Math Word Problem Worksheet,Printable Word Problem worksheet designed for Grade 3 students. Easy and fun math practice.,https://mathworksheetcollection.github.io/html/math-word-problem-worksheet-9997.html,https://mathworksheetcollection.github.io/images/math-word-problem-worksheet-9997.jpg,Kids Math Worksheets,04/24/2026 11:07:00 AM
Grade 1 Addition Practice Worksheet (22 Problems) - Part 193 | Printable Practice,Teachers and parents love this Addition worksheet for Grade 1. Download and print instantly.,https://mathworksheetcollection.github.io/html/grade-1-addition-practice-worksheet-22-problems-part-193-1265.html,https://mathworksheetcollection.github.io/images/grade-1-addition-practice-worksheet-22-problems-part-193-1265.jpg,Printable Worksheets,04/24/2026 01:30:00 PM
Grade 1 Count and Color Shapes Worksheet,Teachers and parents love this Count and Color worksheet for Grade 1. Download and print instantly.,https://mathworksheetcollection.github.io/html/grade-1-count-and-color-shapes-worksheet-8660.html,https://mathworksheetcollection.github.io/images/grade-1-count-and-color-shapes-worksheet-8660.jpg,Math Practice Printables,04/24/2026 04:33:00 PM
Pre-K Count The Objects Worksheet - Part 195 | Printable Practice,Help kids master Counting Objects with this printable worksheet for Pre-K. Great for daily math practice.,https://mathworksheetcollection.github.io/html/pre-k-count-the-objects-worksheet-part-195-5655.html,https://mathworksheetcollection.github.io/images/pre-k-count-the-objects-worksheet-part-195-5655.jpg,Elementary Math Activities,04/24/2026 08:25:00 PM
Free 29 Division Math Worksheet For Grade 1 - Part 196 | Printable Practice,Free printable Division worksheet for Grade 1. Perfect for homeschool practice and classroom activities.,https://mathworksheetcollection.github.io/html/free-29-division-math-worksheet-for-grade-1-part-196-5576.html,https://mathworksheetcollection.github.io/images/free-29-division-math-worksheet-for-grade-1-part-196-5576.jpg,Printable Worksheets,04/25/2026 08:25:00 AM
4 Mathematics Problem Set Practice Worksheet,Fun and engaging Math worksheet for Math. Perfect printable math practice.,https://mathworksheetcollection.github.io/html/4-mathematics-problem-set-practice-worksheet-7673.html,https://mathworksheetcollection.github.io/images/4-mathematics-problem-set-practice-worksheet-7673.jpg,Elementary Math Activities,04/25/2026 11:00:00 AM
Missing Number Math Worksheet,Free printable Missing Number worksheet for Grade 1. Perfect for homeschool practice and classroom activities.,https://mathworksheetcollection.github.io/html/missing-number-math-worksheet-4982.html,https://mathworksheetcollection.github.io/images/missing-number-math-worksheet-4982.jpg,Math Practice Printables,04/25/2026 01:31:00 PM
Mixed Operations Math Worksheet,Fun and engaging Mixed Operations worksheet for Grade 3. Perfect printable math practice.,https://mathworksheetcollection.github.io/html/mixed-operations-math-worksheet-9786.html,https://mathworksheetcollection.github.io/images/mixed-operations-math-worksheet-9786.jpg,Elementary Math Activities,04/25/2026 04:36:00 PM
Free 23 Multiplication Math Worksheet For Grade 2 With Answers - Part 200 | Printable Practice,Help kids master Multiplication with this printable worksheet for Grade 2. Great for daily math practice.,https://mathworksheetcollection.github.io/html/free-23-multiplication-math-worksheet-for-grade-2-with-answers-part-200-2880.html,https://mathworksheetcollection.github.io/images/free-23-multiplication-math-worksheet-for-grade-2-with-answers-part-200-2880.jpg,Math Practice Printables,04/25/2026 08:35:00 PM
